xcoord,ycoord,frame
43.9295499356,-108.984375,2
44.4023918291,-106.34765625,2
43.1971672825,-107.0947265625,7
43.7710938178,-107.490234375,3
43.7710938178,-104.1064453125,5
43.2932003139,-103.0517578125,5
44.0875850282,-102.83203125,2
45.4292987326,-102.12890625,5
45.182036837,-103.2275390625,9
46.0732306254,-103.3154296875,4
45.5525252513,-104.677734375,6
45.4292987326,-104.0625,9
45.213003556,-105.2490234375,4
46.0122238406,-105.908203125,6
44.2766712738,-101.42578125,7
43.229195114,-102.216796875,8
42.3910086092,-102.1728515625,1
42.1959687763,-103.0078125,5
42.1634034242,-103.5791015625,9
42.1634034242,-104.8095703125,5
40.9135125761,-103.359375,3
41.0793511495,-102.216796875,1
40.7805414319,-100.72265625,5
41.4756602003,-99.5361328125,10
42.0329743324,-100.810546875,7
42.7470121732,-98.876953125,10
42.2935641922,-97.9541015625,8
43.1009828762,-100.5029296875,9
43.6440258477,-99.0966796875,10
44.4023918291,-96.943359375,5
44.4023918291,-98.8330078125,9
43.7710938178,-97.822265625,5
44.7779358963,-99.31640625,7
44.715513732,-100.634765625,4
45.4292987326,-101.6455078125,2
45.521743897,-99.9755859375,4
45.521743897,-97.6904296875,1
44.5904671813,-97.646484375,3
45.3675843688,-98.6572265625,5
46.3165841818,-98.5693359375,9
46.3772542051,-97.119140625,3
46.2558468185,-99.4482421875,6
46.2254528823,-100.634765625,9
46.103708756,-101.5576171875,8
46.5286346953,-102.568359375,6
47.6653873563,-102.6123046875,5
47.0102256557,-103.3154296875,10
47.159840013,-101.689453125,9
47.0401821448,-99.4921875,1
47.3388226948,-97.8662109375,9
47.0701218238,-97.294921875,9
48.3708477024,-97.8662109375,10
47.8721439689,-99.66796875,1
47.3090342477,-98.6572265625,7
48.6329085859,-100.6787109375,7
47.9016135414,-100.4150390625,8
48.2539411446,-101.689453125,7
48.3708477024,-103.0078125,9
48.4583518828,-104.501953125,7
48.1074311885,-104.94140625,7
47.5765257137,-104.6337890625,2
47.159840013,-105.6884765625,4
47.6653873563,-105.9521484375,8
47.4578085308,-106.7431640625,6
46.437856895,-107.2705078125,4
46.4983922586,-106.2158203125,7
46.4983922586,-104.677734375,10
45.8594121279,-105.3369140625,6
45.3984499763,-107.0068359375,3
45.9816951851,-108.017578125,5
45.7981695302,-106.69921875,3
45.0269504532,-106.1279296875,9
46.6494361634,-107.9296875,8
47.5172006978,-107.2705078125,8
46.9802523552,-107.2705078125,2
47.5468715989,-109.248046875,9
48.1953874083,-107.0947265625,7
48.2539411446,-108.2373046875,4
47.9016135414,-108.193359375,10
47.1299507567,-108.369140625,7
46.7398605997,-109.423828125,9
45.9511496867,-109.423828125,2
45.583289756,-108.45703125,6
45.3984499763,-109.3798828125,4
45.7675229621,-110.302734375,4
46.5890690831,-110.654296875,6
46.8902315736,-111.62109375,2
47.3388226948,-111.09375,2
47.3685943452,-109.775390625,1
48.4292005556,-110.1708984375,7
48.166085419,-111.708984375,7
47.6949743419,-110.654296875,4
47.9310663475,-109.423828125,9
48.166085419,-110.91796875,1
47.6357835909,-111.7529296875,9
47.159840013,-112.236328125,10
48.0193241848,-113.203125,1
48.8936153615,-112.2802734375,2
48.166085419,-112.3681640625,1
46.9802523552,-113.466796875,10
46.5588603031,-112.587890625,7
45.9205873447,-111.4892578125,10
45.3984499763,-112.412109375,4
45.0269504532,-111.4453125,3
45.3058025994,-110.1708984375,2
44.4965053311,-109.8193359375,2
44.2137099097,-110.6982421875,5
43.3571382221,-110.8740234375,3
43.32517768,-109.775390625,9
43.7710938178,-110.0390625,7
44.6217540962,-108.4130859375,7
43.7075935041,-108.3251953125,6
42.3260624446,-108.3251953125,5
42.3585439175,-109.423828125,4
42.5854442574,-109.9072265625,9
42.9403392336,-111.708984375,7
43.3890819391,-112.060546875,8
43.6758180933,-112.6318359375,5
43.6758180933,-113.6865234375,6
42.7792753602,-113.8623046875,10
42.7792753602,-113.115234375,10
43.2612061248,-113.1591796875,9
44.3395652481,-112.3681640625,6
43.7393520792,-111.26953125,5
44.8091217001,-112.32421875,3
44.7467332402,-113.115234375,6
44.1506811598,-113.203125,2
44.4023918291,-113.73046875,6
44.9958826182,-113.73046875,1
45.6754821756,-113.203125,1
45.8594121279,-114.2138671875,8
46.2254528823,-113.37890625,1
46.3772542051,-114.345703125,10
46.7398605997,-114.521484375,7
47.4280872617,-113.8623046875,7
47.2494069579,-114.5654296875,9
47.5468715989,-114.9609375,3
47.100044694,-115.6201171875,9
46.6494361634,-115.576171875,9
46.0732306254,-114.609375,2
45.3984499763,-115.0927734375,10
45.7981695302,-115.9716796875,10
45.0890355648,-116.2353515625,8
45.0580014354,-115.3125,6
44.370986963,-114.873046875,10
43.9611906389,-115.4443359375,7
44.370986963,-116.2353515625,4
43.802818719,-116.2353515625,10
43.1651226316,-115.7080078125,9
43.4848121289,-115.0048828125,3
42.8115217451,-114.8291015625,7
42.3910086092,-115.2685546875,6
42.3910086092,-116.4111328125,7
42.908160072,-116.630859375,8
42.1634034242,-113.7744140625,10
42.1959687763,-112.8955078125,5
42.2610491621,-111.9287109375,2
46.5890690831,-116.2353515625,10
47.3090342477,-116.3671875,1
47.7540979797,-116.4111328125,7
47.6949743419,-115.7080078125,4
48.5166043489,-115.7080078125,8
48.0193241848,-115.1806640625,8
48.4292005556,-116.8505859375,3
48.4292005556,-114.1259765625,4
47.8426576282,-114.3017578125,9
48.4583518828,-118.2568359375,3
48.3416461724,-117.685546875,10
47.7245445491,-117.2900390625,1
47.1299507567,-117.7294921875,3
47.7540979797,-118.30078125,1
48.0487099429,-119.2236328125,2
47.1897124645,-118.9599609375,2
46.0427356538,-118.30078125,9
46.8301336404,-118.6962890625,1
46.7097359441,-117.9931640625,3
46.3165841818,-117.421875,6
45.4909456926,-117.421875,5
45.521743897,-118.6083984375,7
46.2862239181,-119.1796875,2
46.4681329922,-120.0146484375,9
46.9502622422,-120.0146484375,10
47.7245445491,-120.1025390625,8
48.5166043489,-120.4541015625,2
48.6038576082,-121.4208984375,7
47.9605023889,-121.201171875,10
46.7398605997,-121.376953125,5
46.8000594468,-121.9482421875,10
46.3165841818,-121.728515625,8
46.103708756,-120.76171875,7
44.7779358963,-120.7177734375,1
44.8714427502,-119.619140625,5
45.1510532656,-119.9267578125,2
45.4292987326,-120.8056640625,2
45.9511496867,-120.05859375,3
45.4601306379,-119.5751953125,9
44.6530241598,-118.6083984375,8
44.2137099097,-119.091796875,10
44.0875850282,-117.861328125,2
43.2932003139,-117.861328125,6
43.6122167682,-118.388671875,8
42.7147321854,-118.564453125,7
42.7147321854,-117.9052734375,4
42.6177914328,-117.4658203125,7
41.902277041,-117.0703125,1
41.902277041,-115.3564453125,4
41.4427263777,-114.6533203125,6
41.9676592037,-114.521484375,10
41.574361306,-116.1474609375,1
41.2778064674,-114.0380859375,7
41.4427263777,-113.2470703125,7
41.5085772974,-111.796875,9
41.5085772974,-110.7421875,10
42.0329743324,-110.7861328125,5
42.3910086092,-110.8740234375,3
41.9349765005,-109.6875,4
41.7713116798,-108.3251953125,7
42.0329743324,-107.4462890625,7
42.9403392336,-108.1494140625,3
42.9403392336,-109.4677734375,8
42.455887642,-106.69921875,4
43.229195114,-105.9521484375,10
43.9928145005,-105.64453125,8
44.370986963,-105.380859375,9
44.370986963,-107.666015625,3
44.8091217001,-107.5341796875,8
45.2439534226,-107.7099609375,2
43.0688877742,-105.4248046875,10
43.6440258477,-105.380859375,10
43.3890819391,-104.6337890625,10
42.3585439175,-105.6005859375,4
41.902277041,-105.7763671875,2
41.869560827,-106.787109375,8
41.2117215105,-106.9189453125,1
41.2447723431,-107.7978515625,4
41.2778064674,-109.248046875,3
40.6806380252,-110.126953125,8
40.6473035625,-109.4677734375,6
40.6473035625,-108.193359375,7
40.6473035625,-106.34765625,5
41.1786539723,-105.6884765625,7
40.9135125761,-105.2490234375,1
41.7385284694,-104.1943359375,2
44.1822039577,-120.3662109375,10
43.6758180933,-120.322265625,3
43.5803908556,-122.2998046875,4
43.1330611624,-121.7724609375,5
44.0875850282,-121.7724609375,4
44.6530241598,-121.7724609375,5
40.6473035625,-116.3232421875,7
41.0793511495,-118.3447265625,4
41.8040781443,-118.3447265625,5
42.3260624446,-119.267578125,4
43.2612061248,-120.3662109375,2
45.8900081587,-122.9150390625,3
46.8000594468,-122.9150390625,9
40.9467136651,-118.9599609375,3
41.5414776668,-120.5859375,7
42.6177914328,-119.794921875,1
42.8115217451,-120.6298828125,10
42.0656067541,-120.8935546875,2
39.6395375644,-116.4990234375,3
41.2447723431,-116.8505859375,8
36.2088230928,-116.1474609375,10
36.6684189189,-117.2021484375,5
37.8921955472,-117.24609375,4
37.8575071563,-118.125,9
37.8575071563,-118.828125,1
38.9252290471,-118.828125,7
39.1982053489,-119.70703125,5
39.6056881783,-119.7509765625,1
40.2124407183,-120.05859375,7
39.9771200984,-120.5419921875,2
40.6473035625,-121.11328125,5
40.2795256688,-118.6083984375,6
40.6139524412,-117.509765625,10
40.0444375846,-115.048828125,2
39.3342974298,-113.7744140625,9
39.4701251224,-112.8515625,5
40.2795256688,-113.0712890625,2
40.2795256688,-113.9501953125,10
40.4469470596,-114.345703125,4
38.7883453551,-112.939453125,1
37.8575071563,-111.708984375,3
37.8575071563,-113.291015625,10
38.4105582509,-114.1259765625,8
39.6056881783,-114.5654296875,1
39.0277188402,-115.400390625,9
39.2662844221,-109.9072265625,3
39.4701251224,-110.830078125,2
40.3465441212,-110.9619140625,3
39.7071866568,-109.3359375,9
38.8910328265,-106.34765625,8
39.8760194196,-106.875,4
37.9961626797,-110.1708984375,2
38.548165423,-110.5224609375,10
38.6168704639,-111.533203125,4
38.4105582509,-108.9404296875,6
38.4105582509,-107.841796875,3
39.1300602421,-107.9296875,3
40.1452892957,-107.841796875,10
40.4134960497,-107.314453125,9
39.7071866568,-108.1494140625,7
38.1345565771,-106.435546875,10
37.8575071563,-105.7763671875,3
37.3002752813,-106.0400390625,9
36.8444607408,-105.4248046875,4
36.1378747184,-105.99609375,10
36.2088230928,-106.962890625,4
37.3352243593,-106.787109375,9
37.5097258429,-107.5341796875,1
38.5825261594,-107.3583984375,6
38.8910328265,-105.8203125,7
39.0277188402,-105.2490234375,2
39.4701251224,-105.556640625,8
39.7071866568,-104.5458984375,8
40.3800284025,-104.5458984375,8
37.6142314154,-104.1064453125,10
37.9961626797,-103.623046875,10
37.0902398031,-103.53515625,2
36.2088230928,-104.0185546875,2
36.4212824436,-104.853515625,2
35.3890499669,-105.1171875,7
34.8859309408,-105.908203125,2
34.8859309408,-106.875,4
34.8859309408,-107.4462890625,5
34.1981730963,-108.0615234375,4
35.1019340572,-109.2041015625,5
36.4566360116,-109.3798828125,9
36.4566360116,-107.8857421875,7
35.639441069,-111.708984375,6
36.9850030929,-111.708984375,8
36.9850030929,-111.09375,2
35.8534396196,-111.09375,8
34.2708359517,-110.7421875,1
34.0162418897,-109.248046875,10
33.9068955513,-110.478515625,4
33.9068955513,-112.236328125,4
35.029996369,-112.2802734375,10
35.3532161012,-112.8955078125,3
36.3859127729,-112.67578125,3
35.6037187407,-109.16015625,7
38.4449846689,-100.5908203125,3
38.4793946733,-103.4912109375,7
37.4050737502,-101.953125,7
40.0444375846,-102.65625,9
39.4022443403,-102.7880859375,8
38.272688536,-101.953125,7
38.5137882595,-102.7001953125,9
39.3002991862,-101.3818359375,8
40.1116886656,-101.6455078125,6
41.574361306,-96.943359375,1
40.2459915042,-96.8994140625,6
39.6395375644,-95.80078125,2
38.5137882595,-96.85546875,7
38.1345565771,-95.9326171875,6
37.6142314154,-96.3720703125,9
36.5626000374,-97.3828125,6
36.1023764487,-98.8330078125,7
37.6838203267,-98.61328125,9
36.0668621326,-100.0634765625,7
38.1345565771,-100.0634765625,1
37.0551771067,-101.6015625,9
35.6037187407,-101.6015625,9
34.4522184728,-99.7998046875,5
33.2846199689,-97.2509765625,1
33.1007454051,-98.5693359375,9
33.4314413356,-100.72265625,2
34.6693585452,-102.041015625,8
35.5322262277,-102.7001953125,6
37.5097258429,-102.568359375,7
37.3002752813,-99.8876953125,3
34.4522184728,-94.7021484375,1
34.9219710362,-96.416015625,9
33.4314413356,-95.80078125,9
32.0639555947,-94.8779296875,3
32.212801068,-97.03125,4
32.212801068,-99.84375,4
33.02708758,-101.6015625,1
33.6877817584,-102.9638671875,1
34.4522184728,-103.8427734375,2
33.9433599466,-105.556640625,10
33.1375511923,-107.0068359375,2
33.3213485267,-108.017578125,10
32.0267062933,-104.150390625,1
32.9902355597,-101.162109375,2
34.0162418897,-101.07421875,4
35.2456190942,-100.6787109375,2
36.879620605,-100.9423828125,8
37.3701571841,-97.03125,3
36.7036595972,-98.61328125,5
35.1019340572,-97.822265625,5
36.1378747184,-93.7353515625,10
35.1378791196,-94.04296875,3
36.1023764487,-95.009765625,10
36.879620605,-95.09765625,3
36.879620605,-94.482421875,6
36.914764289,-92.3291015625,4
35.2815006579,-92.63671875,2
33.8704155509,-93.427734375,10
33.5780147461,-94.5703125,7
32.7318408969,-94.9658203125,2
32.5097617359,-96.4599609375,6
33.6512082992,-97.998046875,3
34.9940037576,-99.5361328125,10
34.5970415161,-98.4814453125,9
31.5036293058,-101.162109375,7
32.2499744559,-102.568359375,3
31.1281992991,-102.8759765625,1
30.1831218422,-100.810546875,8
29.649868678,-99.228515625,9
30.5244132699,-99.3603515625,3
30.5244132699,-97.4267578125,1
32.1384086968,-98.2177734375,7
32.7688004849,-99.052734375,7
33.2478759479,-99.0966796875,9
37.4399740523,-91.318359375,1
38.5137882595,-93.251953125,4
37.8228024335,-94.3505859375,4
39.3682791492,-94.1748046875,9
41.1786539723,-94.7900390625,7
42.1959687763,-94.3505859375,4
40.5805846641,-91.58203125,4
37.8921955472,-88.6376953125,2
37.474858085,-88.9453125,10
36.6331620956,-90,9
34.9940037576,-88.857421875,6
35.4248679193,-90.87890625,1
32.5097617359,-90.4833984375,6
33.2846199689,-91.8896484375,2
33.6146192923,-91.0546875,5
33.7608820009,-92.021484375,1
33.7608820009,-90.3515625,10
37.7533440131,-87.978515625,5
36.0313317763,-86.0888671875,8
34.7777158036,-87.1875,3
34.7777158036,-85.869140625,10
33.9433599466,-86.572265625,10
33.9433599466,-87.4072265625,1
34.1254475651,-89.2529296875,1
32.4726950221,-88.6376953125,4
33.7243396617,-83.4521484375,1
35.2456190942,-83.4521484375,3
36.6331620956,-85.3857421875,1
36.7740924946,-83.4521484375,5
37.5097258429,-85.4296875,6
38.7198047426,-89.6044921875,3
39.9097362345,-92.1533203125,10
40.6806380252,-93.515625,4
42.3585439175,-91.9775390625,3
42.5206995291,-94.5703125,9
44.6530241598,-93.2080078125,1
43.7710938178,-97.03125,8
43.0688877742,-96.9873046875,4
43.4529188936,-95.712890625,10
43.1651226316,-90.263671875,5
41.8040781443,-89.6484375,9
43.6440258477,-89.6044921875,5
45.7061792853,-88.505859375,6
45.7061792853,-90.2197265625,7
44.5591634153,-91.7578125,10
39.1641410477,-86.5942382813,6
39.6395375644,-87.978515625,7
40.2962865171,-84.2431640625,10
39.2662844221,-84.5727539063,2
40.0612565814,-85.8032226563,4
39.8760194196,-88.6376953125,10
39.385263811,-89.3188476563,7
39.7240885773,-89.9780273438,8
41.145569731,-91.494140625,6
41.8040781443,-90.2856445313,4
41.0627860687,-87.7368164063,1
41.2612914939,-86.0229492188,2
40.513799155,-82.8149414063,4
38.3588878587,-82.2216796875,3
38.2381801198,-80.7275390625,8
37.7012073647,-81.9580078125,9
36.9498917868,-81.9580078125,1
36.1023764487,-80.7495117188,10
36.650792525,-82.880859375,7
35.119908571,-82.0678710938,9
35.4785649954,-89.12109375,2
35.4785649954,-88.1762695313,9
34.4159733845,-87.802734375,8
33.2294981414,-88.6376953125,8
31.7655374095,-86.2646484375,6
32.657875737,-83.2983398438,7
34.5065566216,-81.5405273438,5
36.3859127729,-82.6391601563,10
37.2827946491,-82.9467773438,2
39.9771200984,-98.0419921875,7
38.3416561928,-98.4814453125,10
41.409775832,-92.7685546875,10
45.583289756,-90.615234375,4
45.6447682178,-91.7578125,2
47.0102256557,-91.8017578125,7
47.9899216674,-93.4716796875,9
47.8131545175,-96.4599609375,8
47.1897124645,-95.4052734375,10
48.5747899109,-95.4052734375,8
47.9605023889,-92.98828125,3
47.2494069579,-92.4169921875,9
47.9899216674,-91.23046875,6
47.8721439689,-90.17578125,9
45.6754821756,-86.220703125,7
46.1950421087,-87.0556640625,7
45.7368595474,-87.5390625,8
44.0244215197,-88.5498046875,4
44.4965053311,-90.87890625,10
43.5485481109,-91.8017578125,2
42.972501586,-92.3291015625,9
43.1651226316,-93.515625,8
42.4234565179,-84.814453125,5
41.574361306,-84.7705078125,4
44.3081266849,-95.3173828125,8
45.7675229621,-95.537109375,1
44.8091217001,-95.4052734375,3
46.437856895,-93.515625,4
47.4578085308,-93.955078125,8
44.9336963897,-93.9111328125,5
42.908160072,-94.6142578125,5
46.2254528823,-88.9453125,9
46.2558468185,-89.4287109375,7
45.213003556,-89.6044921875,2
45.0580014354,-88.9013671875,7
42.0982224112,-92.373046875,5
42.5206995291,-93.9111328125,9
41.9349765005,-96.6796875,10
42.1308213019,-96.0205078125,3
41.3438245812,-96.0205078125,7
40.6139524412,-97.20703125,7
39.9097362345,-90.703125,1
41.0462168145,-89.296875,2
42.908160072,-88.681640625,10
42.8437513263,-89.6044921875,3
38.68550976,-91.93359375,6
37.7533440131,-90.791015625,7
36.4919734706,-91.5380859375,3
38.7540832758,-86.1328125,3
37.0200982014,-86.8359375,4
36.7388841244,-87.9345703125,6
35.1378791196,-84.6826171875,10
31.8775576433,-89.82421875,7
31.0152789817,-92.98828125,10
31.0152789817,-86.0009765625,5
31.1281992991,-83.1884765625,10
32.5097617359,-85.78125,1
40.7805414319,-94.5703125,3
39.6056881783,-92.373046875,3
41.4756602003,-83.5400390625,5
43.8662180066,-84.0234375,10
45.182036837,-83.935546875,1
44.9958826182,-84.814453125,1
44.1191415164,-85.60546875,10
43.1971672825,-85.60546875,10
43.1971672825,-84.462890625,1
40.0780714275,-80.9033203125,5
38.9594087925,-78.75,4
41.145569731,-78.837890625,8
42.1308213019,-78.486328125,3
32.9533681458,-87.4951171875,4
31.466153715,-88.505859375,1
31.6907818061,-91.23046875,10
32.3242755889,-92.724609375,3
37.3002752813,-92.8564453125,8
37.2303283876,-95.44921875,5
34.1981730963,-96.240234375,5
36.3151251475,-88.9013671875,5
35.8890500794,-91.845703125,6
35.9957853864,-92.8125,10
39.2662844221,-98.6572265625,5
41.7713116798,-98.61328125,6
42.4883019796,-100.3271484375,5
40.4803814291,-98.4375,6
40.1452892957,-99.140625,3
43.9295499356,-93.9111328125,4
37.5794125134,-84.462890625,3
37.6838203267,-83.935546875,7
46.1950421087,-92.1533203125,2
45.9511496867,-93.4716796875,5
46.5588603031,-94.9658203125,1
47.6357835909,-91.7138671875,1
48.166085419,-96.240234375,10
48.2831928955,-98.876953125,2
49.0378679453,-99.1845703125,1
49.0090508094,-97.734375,7
48.0487099429,-97.3828125,4
48.6909603909,-102.3046875,2
48.9224992638,-105.732421875,9
48.3708477024,-106.5234375,5
48.8068634611,-107.578125,4
48.9802169854,-109.6435546875,4
42.4234565179,-90.87890625,5
33.58,-85.85,7
32.67,-85.44,2
33.57,-86.75,9
32.90,-87.25,1
31.32,-85.45,3
31.28,-85.72,6
33.97,-86.09,3
34.65,-86.77,2
32.38,-86.37,10
30.68,-88.25,1
30.63,-88.07,3
32.30,-86.40,5
34.75,-87.62,10
32.34,-86.99,9
31.87,-86.02,2
33.23,-87.62,8
32.17,-110.88,3
33.68,-112.08,7
31.45,-109.60,5
33.47,-111.73,9
35.13,-111.67,1
31.60,-110.35,6
33.55,-113.17,6
33.42,-112.38,5
35.95,-112.15,7
35.27,-113.95,8
33.53,-112.38,2
36.93,-111.45,8
34.23,-111.33,2
33.43,-112.02,6
34.65,-112.43,10
32.82,-109.68,1
33.62,-111.92,7
34.27,-110.00,7
34.27,-110.00,5
32.12,-110.93,8
33.30,-111.67,6
35.02,-110.73,5
33.10,-115.00,7
32.65,-114.62,5
32.85,-114.40,8
35.97,-89.95,9
33.52,-92.40,8
33.22,-92.80,2
36.00,-94.17,6
35.33,-94.37,6
36.27,-93.15,6
34.48,-93.10,1
35.83,-90.65,5
35.22,-92.38,10
34.92,-92.15,7
34.83,-92.25,7
34.17,-91.93,5
36.18,-94.13,5
33.45,-94.00,4
36.13,-90.93,7
37.78,-122.32,5
41.48,-120.53,6
40.98,-124.10,8
35.43,-119.05,9
39.13,-121.45,3
33.93,-116.95,7
35.28,-116.62,4
34.27,-116.68,4
37.60,-118.60,9
39.28,-120.70,10
33.62,-114.72,4
34.20,-118.37,10
33.30,-117.35,8
32.62,-116.47,3
33.13,-117.28,4
37.38,-120.57,9
39.78,-121.85,4
35.68,-117.68,8
33.97,-117.63,6
37.98,-122.05,8
41.78,-124.23,4
34.87,-116.78,6
34.90,-117.88,5
32.82,-115.68,3
34.08,-118.03,2
33.67,-117.73,5
41.33,-124.28,4
36.00,-121.32,9
36.68,-121.77,5
36.77,-119.72,3
33.87,-117.97,8
34.58,-117.38,4
33.92,-118.33,3
37.65,-122.12,5
32.83,-115.57,2
32.57,-117.12,3
34.10,-117.78,9
38.90,-120.00,2
34.73,-118.22,1
36.33,-119.95,9
37.70,-121.82,4
33.82,-118.15,2
33.78,-118.05,3
33.93,-118.40,5
37.63,-118.92,2
33.88,-117.27,1
39.10,-121.57,1
38.57,-121.30,2
38.67,-121.40,10
37.28,-120.52,4
32.87,-117.15,10
37.63,-120.95,1
37.42,-122.05,1
35.05,-118.15,8
41.73,-122.53,1
36.58,-121.85,8
41.32,-122.32,7
34.23,-118.07,9
38.22,-122.28,2
34.77,-114.62,10
32.70,-117.20,9
34.10,-117.23,6
37.73,-122.22,2
34.05,-117.62,6
34.20,-119.20,7
33.83,-116.50,7
35.05,-118.13,5
37.47,-122.12,3
35.67,-120.63,2
37.83,-122.83,1
34.12,-119.12,5
39.58,-124.22,4
34.95,-121.12,7
35.67,-121.28,8
36.12,-121.47,6
40.15,-122.25,8
40.50,-122.30,7
33.95,-117.45,5
38.52,-121.50,3
38.70,-121.60,1
36.67,-121.60,6
37.52,-122.25,2
33.42,-117.62,5
33.02,-118.58,1
32.82,-117.13,7
32.73,-117.17,8
32.57,-116.98,3
32.57,-116.98,9
32.82,-116.97,5
37.75,-122.68,1
37.62,-122.38,2
37.37,-121.92,9
37.33,-121.82,2
35.23,-120.65,5
33.38,-117.58,7
34.03,-120.40,8
33.25,-119.45,9
34.75,-118.73,6
33.67,-117.88,3
34.43,-119.83,6
34.90,-120.45,6
34.02,-118.45,5
38.52,-122.82,8
40.03,-124.07,10
41.78,-122.47,8
37.90,-121.25,6
35.33,-117.10,2
40.63,-120.95,1
33.63,-116.17,4
33.80,-118.33,5
38.27,-121.93,5
39.32,-120.13,6
33.70,-117.83,6
34.28,-116.15,9
39.13,-123.20,9
34.22,-118.48,2
35.20,-120.95,4
35.20,-120.95,2
36.32,-119.40,9
39.52,-105.35,9
40.17,-103.22,5
37.45,-105.87,2
39.22,-106.87,10
39.90,-105.12,8
39.72,-104.75,2
38.82,-104.72,10
37.30,-108.63,6
40.50,-107.53,7
39.75,-104.87,2
37.15,-107.75,6
39.65,-106.92,9
39.57,-104.83,5
38.68,-104.77,3
39.57,-105.50,10
40.45,-105.02,4
40.58,-105.08,7
39.12,-108.53,3
40.43,-104.63,4
38.55,-106.93,5
38.55,-106.92,5
38.05,-103.52,5
38.12,-102.60,8
39.25,-106.30,9
39.18,-103.70,7
38.50,-107.88,2
38.50,-107.88,1
38.28,-104.52,3
39.53,-107.80,5
38.53,-106.05,3
40.48,-106.82,2
37.25,-104.33,5
40.00,-105.87,6
41.17,-73.13,6
41.37,-73.48,8
41.33,-72.0,6
41.73,-72.6,2
41.22,-72.6,5
41.27,-72.8,8
41.27,-72.9,2
41.30,-72.0,7
41.93,-72.6,7
39.13,-75.4,4
39.67,-75.6,4
38.95,-77.4,3
38.85,-77.0,2
29.73,-85.0,2
29.12,-81.5,1
28.08,-81.5,10
28.47,-80.5,3
30.22,-81.8,8
30.78,-86.5,8
29.62,-83.1,5
29.18,-81.0,8
30.65,-86.5,5
30.48,-86.5,5
27.60,-82.7,10
26.13,-80.1,2
26.58,-81.8,3
26.07,-80.1,3
26.65,-81.8,3
29.68,-82.2,1
25.48,-80.3,7
30.43,-86.6,3
30.33,-81.5,2
30.50,-81.7,3
30.23,-81.6,4
24.55,-81.7,7
24.57,-81.6,1
28.03,-81.9,5
27.85,-82.5,2
30.84,-85.1,1
30.40,-81.4,6
28.10,-80.6,1
25.82,-80.2,8
25.92,-80.2,10
25.65,-80.4,2
26.13,-81.8,9
28.62,-80.6,6
28.43,-81.3,3
28.55,-81.3,8
30.20,-85.6,1
28.23,-80.6,4
30.35,-87.3,4
30.47,-87.2,9
27.97,-82.6,5
27.92,-82.6,4
28.78,-81.2,6
27.40,-82.5,8
30.38,-84.3,3
27.97,-82.5,3
28.52,-80.8,5
30.07,-85.5,4
27.65,-80.4,6
26.68,-80.1,3
30.72,-87.0,2
31.53,-84.1,4
31.53,-82.5,1
33.95,-83.3,4
33.65,-84.4,4
33.65,-84.4,9
33.88,-84.3,4
33.78,-84.5,8
33.37,-81.9,2
31.15,-81.3,9
32.52,-84.9,5
33.92,-84.5,6
34.53,-84.8,3
32.33,-85.0,7
31.88,-81.5,2
32.02,-81.1,10
33.01,-85.0,2
32.70,-83.6,1
30.97,-83.2,10
32.63,-83.6,8
34.35,-85.1,2
32.13,-81.2,7
30.78,-83.2,7
31.25,-82.4,7
43.57,-116.2,7
42.53,-113.7,5
44.52,-114.2,8
47.77,-116.82,4
45.82,-115.4,4
43.00,-115.1,5
45.92,-116.1,1
43.52,-112.0,9
46.38,-117.0,7
42.17,-112.3,9
42.30,-113.3,1
44.88,-116.1,9
43.05,-115.8,8
47.47,-115.8,10
42.92,-112.6,6
45.18,-113.9,5
45.17,-114.4,2
42.65,-111.5,4
43.50,-114.3,2
42.48,-114.4,3
38.88,-90.0,10
41.77,-88.3,1
38.57,-90.1,2
40.48,-88.9,5
41.16,-89.6,10
37.07,-89.2,5
37.78,-89.2,4
38.51,-89.0,8
40.03,-88.2,6
41.90,-87.6,9
41.87,-87.6,4
41.78,-87.7,9
41.98,-87.90,10
40.20,-87.6,2
41.93,-88.7,4
39.83,-88.8,4
41.92,-88.2,7
40.93,-90.4,5
42.08,-87.8,7
41.07,-87.8,7
40.52,-90.6,2
37.75,-89.0,5
41.37,-88.6,4
39.48,-88.2,8
41.45,-90.5,1
38.32,-88.8,10
40.67,-89.6,7
39.93,-91.2,9
42.20,-89.1,8
38.63,-88.9,8
38.55,-89.8,3
39.85,-89.6,2
41.74,-89.6,8
39.53,-89.3,7
38.99,-89.1,10
39.38,-86.5,8
39.13,-86.6,5
41.72,-86.0,10
38.05,-87.5,4
41.00,-85.2,5
41.62,-87.4,7
40.65,-86.1,1
39.73,-86.2,3
40.23,-85.3,5
41.70,-86.3,8
39.45,-87.3,9
40.42,-86.9,10
40.78,-91.1,5
41.88,-91.7,7
41.53,-93.6,5
42.40,-90.7,10
43.40,-94.7,9
42.55,-94.1,3
40.62,-93.9,9
43.15,-93.3,4
41.10,-92.4,2
42.40,-96.3,7
43.17,-95.1,1
42.55,-92.4,7
37.67,-95.4,2
37.75,-97.22,2
39.55,-97.6,8
37.77,-99.9,4
37.00,-101.8,2
38.33,-96.2,8
39.37,-94.9,3
39.05,-96.7,3
37.93,-100.7,8
39.37,-101.7,9
38.85,-99.2,5
39.38,-99.8,9
38.07,-97.8,6
38.82,-94.8,10
37.05,-100.9,2
39.15,-96.6,9
37.62,-97.2,9
37.30,-98.5,5
38.85,-94.9,8
38.87,-98.8,9
38.80,-97.6,6
39.07,-95.6,3
38.95,-95.6,5
37.65,-97.4,10
36.97,-86.4,1
36.67,-87.5,9
37.90,-85.9,3
37.60,-83.3,2
38.05,-85.0,4
37.08,-84.0,10
38.23,-85.6,7
38.18,-85.7,10
37.75,-87.1,2
37.07,-88.7,3
37.48,-82.5,9
31.38,-92.3,6
32.50,-93.6,2
30.53,-91.1,2
29.55,-89.6,2
29.78,-93.3,10
31.22,-92.9,1
31.33,-92.5,3
28.47,-91.78,1
31.05,-93.2,1
29.18,-90.0,2
28.22,-93.7,10
28.13,-94.4,1
29.57,-90.6,4
29.73,-92.1,5
30.20,-92.0,4
30.12,-93.2,1
29.70,-91.1,10
28.78,-89.0,2
32.52,-92.0,2
29.70,-91.2,3
30.03,-91.8,4
29.98,-90.2,8
29.83,-90.0,6
30.03,-90.0,6
28.30,-91.9,2
32.52,-93.7,10
32.47,-93.8,2
30.35,-89.8,6
44.32,-69.8,4
44.80,-68.8,1
44.45,-68.3,1
43.88,-69.9,6
46.87,-68.0,9
45.45,-69.5,10
45.78,-69.6,1
46.13,-67.7,2
46.95,-67.8,5
43.65,-70.3,7
46.68,-68.0,8
44.07,-69.1,5
44.88,-70.8,5
38.82,-76.8,2
39.18,-76.6,10
39.18,-76.6,8
39.33,-76.4,7
39.08,-76.7,6
39.70,-77.7,8
38.55,-75.1,9
38.28,-76.4,5
39.47,-76.1,10
38.33,-75.5,1
42.47,-71.2,6
42.58,-70.9,9
42.37,-71.0,8
41.78,-70.5,4
41.67,-69.9,4
42.57,-71.6,3
41.67,-70.2,7
42.72,-71.1,10
41.40,-70.6,4
41.25,-70.0,9
41.68,-70.9,7
42.18,-71.1,1
41.65,-70.5,8
42.26,-73.1,8
42.15,-70.9,1
42.17,-72.7,4
42.20,-72.5,7
42.27,-71.8,1
45.07,-83.5,10
42.22,-83.7,9
42.30,-85.2,2
42.13,-86.4,8
46.25,-84.4,9
43.07,-85.9,8
47.47,-87.8,8
42.42,-83.0,7
42.23,-83.3,5
45.73,-87.0,5
42.97,-83.7,7
42.88,-85.5,10
47.17,-88.5,10
43.83,-82.5,10
44.37,-84.6,8
45.82,-88.1,1
46.53,-90.1,2
42.27,-84.4,2
42.23,-85.5,6
42.77,-84.6,8
44.27,-86.2,2
46.88,-87.9,9
45.12,-87.6,2
43.17,-86.2,5
45.57,-84.8,5
42.67,-83.4,8
43.53,-84.0,6
46.47,-84.3,10
46.35,-87.4,7
42.62,-82.8,1
45.92,-85.9,1
44.73,-85.5,7
44.45,-83.4,3
42.23,-83.5,2
43.68,-93.3,5
45.87,-95.3,8
47.50,-94.9,7
46.40,-94.1,10
46.82,-95.8,3
46.83,-92.1,1
47.90,-91.8,4
43.65,-94.4,9
46.30,-96.0,8
47.22,-93.5,7
47.38,-92.8,9
48.57,-93.3,7
45.13,-94.5,5
44.22,-93.9,3
44.45,-95.8,2
44.83,-93.4,7
45.07,-93.3,4
44.88,-93.2,10
46.90,-95.0,10
46.60,-94.3,2
44.55,-95.0,7
43.92,-92.5,6
44.93,-93.0,2
45.55,-94.0,10
48.07,-96.1,6
47.58,-90.8,2
48.93,-95.3,1
43.65,-95.5,9
33.65,-88.4,2
33.45,-88.5,7
33.48,-90.9,4
33.50,-90.0,7
30.40,-89.0,1
31.47,-89.3,8
32.32,-90.0,10
30.42,-88.9,4
31.67,-89.1,4
31.18,-90.4,10
32.55,-88.5,1
32.33,-88.7,4
31.62,-91.2,9
34.39,-89.5,5
34.27,-88.7,2
38.82,-92.2,10
37.23,-89.5,4
37.75,-92.1,5
38.60,-92.1,9
37.17,-94.5,3
39.32,-94.7,1
39.12,-94.6,10
40.10,-92.5,6
37.33,-94.3,5
35.66,-95.3,8
36.77,-90.4,9
38.85,-94.5,3
40.25,-93.7,2
37.23,-93.3,3
40.28,-95.5,8
38.75,-90.3,7
38.65,-90.6,3
38.13,-91.7,8
37.22,-92.4,8
36.88,-91.9,8
38.73,-93.5,4
45.80,-108.5,4
45.78,-111.1,9
45.67,-105.6,1
45.95,-112.5,7
48.60,-112.3,2
45.25,-112.5,2
46.67,-113.1,4
48.22,-106.6,2
47.13,-104.8,6
47.48,-111.3,6
46.43,-109.8,1
48.55,-109.7,9
46.60,-112.0,6
47.33,-106.9,8
48.30,-114.2,3
47.05,-109.4,8
45.70,-110.4,9
47.50,-111.1,1
46.43,-105.8,1
46.92,-114.0,1
44.57,-112.3,10
47.72,-104.1,8
47.60,-115.3,9
44.65,-111.1,1
44.68,-111.1,4
48.10,-105.5,4
42.58,-99.9,4
42.05,-102.8,8
40.32,-96.7,4
41.43,-99.6,7
41.78,-99.1,7
42.83,-103.0,3
41.45,-97.3,10
40.87,-100.0,10
40.07,-95.5,2
40.97,-98.3,2
40.60,-98.4,6
40.33,-101.3,2
40.53,-101.6,10
40.73,-99.0,7
40.85,-96.7,7
40.22,-100.5,9
42.05,-101.0,3
41.98,-97.4,7
41.37,-96.0,8
41.13,-100.6,5
42.47,-98.68,4
41.12,-95.9,10
41.30,-95.9,10
41.62,-98.9,9
41.87,-103.6,5
41.10,-102.9,10
42.87,-100.5,2
39.83,-117.1,4
39.50,-117.0,5
40.62,-116.8,8
37.62,-114.5,4
40.83,-115.7,9
39.28,-114.8,4
39.50,-115.9,10
39.42,-118.7,9
38.55,-118.6,2
36.53,-115.5,9
36.57,-115.6,9
36.08,-115.1,2
40.10,-118.9,7
36.62,-116.0,4
36.23,-115.0,9
42.58,-116.1,4
39.50,-119.7,6
38.07,-117.0,3
41.33,-116.2,5
40.90,-117.8,2
37.58,-116.0,7
44.58,-71.1,1
43.20,-71.5,8
42.80,-72.0,3
42.90,-72.2,5
43.57,-71.4,4
43.63,-72.3,3
42.93,-71.4,1
44.27,-71.3,4
42.78,-71.5,8
43.08,-70.8,2
44.00,-71.3,8
39.45,-74.5,10
40.28,-74.2,1
40.87,-74.2,9
40.03,-74.3,9
40.02,-74.6,2
39.37,-75.0,6
40.80,-74.4,5
40.70,-74.1,3
40.85,-74.0,3
40.28,-74.8,5
35.05,-106.6,8
34.38,-103.3,5
32.33,-104.2,10
36.45,-103.1,5
34.10,-105.6,9
36.02,-106.9,4
32.25,-107.7,5
36.75,-108.2,7
35.52,-108.7,4
35.17,-107.9,6
32.68,-103.2,1
32.85,-106.1,1
32.30,-106.7,10
35.65,-105.1,6
35.88,-106.2,3
34.98,-106.0,5
32.90,-106.4,9
36.74,-104.5,6
33.30,-104.5,6
35.62,-106.0,1
32.63,-108.1,2
34.07,-106.9,7
36.42,-105.5,10
33.23,-107.2,9
35.18,-103.6,8
32.63,-106.4,5
42.75,-73.8,3
40.75,-74.3,7
42.22,-75.9,8
42.93,-78.7,1
42.97,-78.2,7
42.17,-76.9,8
40.73,-73.4,8
44.05,-75.7,9
43.35,-73.6,5
43.23,-75.4,1
40.78,-73.1,3
42.48,-76.4,1
42.15,-79.2,3
44.93,-74.8,6
41.70,-74.8,2
40.77,-73.9,1
40.65,-73.7,9
40.77,-73.9,6
41.50,-74.1,2
43.10,-78.9,10
44.68,-75.4,8
42.87,-75.1,10
44.65,-73.4,4
41.63,-73.8,8
43.12,-77.6,1
43.12,-77.6,9
44.38,-74.2,9
42.85,-73.9,7
43.12,-76.1,3
43.15,-75.3,4
44.00,-76.0,4
40.85,-72.6,6
41.07,-73.7,3
35.43,-82.5,7
35.27,-75.5,8
35.22,-80.9,1
34.90,-76.8,1
36.13,-76.5,2
35.25,-75.5,10
36.27,-76.1,10
35.00,-78.8,10
35.13,-78.9,8
36.08,-79.9,7
35.75,-81.3,3
35.90,-82.8,4
34.82,-77.6,7
35.32,-77.6,4
35.03,-79.5,10
35.92,-75.6,7
35.08,-77.0,2
34.70,-77.4,1
35.17,-79.0,9
35.87,-78.7,3
35.85,-77.8,1
35.33,-77.9,10
35.24,-79.3,3
34.27,-77.9,4
36.13,-80.2,9
46.77,-100.7,6
48.12,-98.90,8
48.10,-98.87,6
46.78,-102.8,2
46.90,-96.8,8
47.95,-97.1,10
47.97,-97.4,7
46.92,-98.6,3
46.10,-97.1,10
48.42,-101.3,5
48.27,-101.2,5
47.75,-101.8,1
48.18,-103.6,6
39.21,-82.2,8
40.92,-81.4,2
39.05,-84.6,10
39.10,-84.4,7
41.52,-81.6,10
41.57,-81.4,6
41.42,-81.8,9
40.00,-82.8,2
40.08,-83.0,5
39.90,-84.2,9
41.02,-83.6,2
40.82,-82.5,3
39.82,-82.9,2
41.60,-83.8,5
41.63,-81.4,7
39.83,-84.0,8
41.27,-80.6,7
39.95,-81.9,5
34.67,-99.2,7
34.30,-97.0,8
36.75,-96.0,5
35.35,-99.2,8
36.38,-97.8,10
34.65,-98.4,10
36.30,-99.7,10
35.00,-99.0,7
34.57,-98.4,6
34.88,-95.7,3
35.23,-97.4,8
35.40,-97.6,8
35.53,-97.6,3
34.68,-94.6,4
36.73,-97.1,7
36.16,-97.0,4
35.42,-97.3,2
36.20,-95.9,1
36.33,-97.9,3
46.15,-123.8,3
45.25,-122.7,2
44.83,-117.8,2
42.08,-124.4,4
43.60,-118.9,5
43.38,-124.9,2
45.68,-121.8,5
44.50,-123.2,1
44.12,-123.2,2
45.53,-122.9,8
42.15,-121.7,2
45.28,-118.0,5
42.18,-120.3,10
45.50,-118.4,3
42.37,-122.8,3
44.63,-124.0,2
43.42,-124.2,7
44.02,-117.0,3
45.68,-118.8,3
45.60,-122.6,3
44.27,-121.1,10
43.23,-123.3,8
44.92,-123.0,2
42.62,-123.3,8
45.62,-121.1,8
45.55,-122.4,4
40.65,-75.4,1
40.30,-78.3,6
40.75,-80.3,6
40.27,-79.0,5
41.80,-78.6,1
41.18,-78.9,2
42.08,-80.1,4
41.38,-79.8,10
40.22,-76.8,2
40.37,-77.4,5
40.32,-78.8,10
40.13,-76.3,9
40.28,-79.4,7
40.20,-76.7,3
40.43,-76.5,2
40.08,-75.0,5
39.88,-75.2,3
41.47,-78.1,9
40.35,-79.9,4
40.50,-80.2,4
40.38,-75.9,6
39.73,-77.4,9
40.85,-77.8,1
41.33,-75.7,4
41.25,-76.9,9
40.20,-75.1,10
41.17,-71.5,2
41.60,-71.4,3
41.73,-71.4,6
41.36,-71.2,6
34.50,-82.7,3
32.48,-80.7,1
32.90,-80.0,6
33.95,-81.1,6
34.18,-79.7,4
34.85,-82.3,8
34.90,-82.2,9
33.92,-80.8,5
33.68,-78.9,5
33.82,-78.7,7
33.97,-80.4,10
34.92,-81.9,4
45.45,-98.4,8
44.30,-96.8,7
43.80,-99.3,2
43.75,-99.3,3
43.77,-103.6,5
44.15,-103.1,3
44.38,-98.2,4
45.93,-102.1,2
43.77,-98.0,2
45.53,-100.4,10
44.05,-101.6,4
44.05,-101.6,5
44.38,-100.2,1
44.05,-103.0,4
45.16,-103.3,4
43.58,-96.7,1
44.92,-97.1,6
42.92,-97.3,7
36.48,-82.4,2
35.03,-85.2,9
36.62,-87.4,9
35.95,-85.0,5
36.02,-89.4,1
35.60,-88.9,7
35.82,-83.9,9
35.05,-90.0,9
35.35,-89.8,7
35.15,-85.5,10
36.12,-86.6,10
36.00,-86.5,5
32.42,-99.6,2
27.73,-98.0,2
35.23,-101.7,5
30.30,-97.7,9
30.20,-97.6,2
32.39,-101.4,6
32.30,-101.4,5
25.90,-97.4,4
31.79,-98.9,2
32.78,-97.4,5
28.37,-97.6,9
34.43,-100.2,10
30.58,-96.3,8
27.77,-97.5,1
27.70,-97.2,4
28.45,-99.2,2
30.07,-95.55,3
36.02,-102.5,5
32.73,-96.9,3
32.97,-96.8,4
32.90,-97.0,10
32.85,-96.8,3
32.68,-96.8,5
29.37,-100.9,2
32.43,-99.8,9
31.80,-106.4,6
29.62,-95.1,1
32.82,-97.3,8
31.15,-97.7,8
29.27,-94.8,7
31.07,-97.8,2
33.07,-96.0,9
31.83,-104.8,5
26.23,-97.6,8
29.35,-99.1,2
29.97,-95.3,9
29.65,-95.2,6
30.50,-99.7,7
29.38,-98.5,4
29.98,-99.0,8
31.08,-97.6,2
27.50,-97.8,1
27.53,-99.4,4
29.37,-100.7,4
32.38,-94.7,8
33.65,-101.8,6
31.23,-94.7,2
30.37,-104.0,4
26.18,-98.2,3
31.95,-102.1,9
32.78,-98.0,8
28.72,-96.2,8
33.63,-95.4,3
34.17,-101.7,9
30.58,-94.0,5
29.53,-98.2,5
33.60,-102.0,1
28.08,-97.0,7
31.37,-100.5,8
29.53,-98.4,6
29.33,-98.4,10
30.17,-102.4,10
33.72,-96.6,3
28.03,-95.8,9
32.22,-98.1,9
31.15,-97.4,4
32.37,-95.4,2
28.85,-96.9,4
31.62,-97.2,6
33.98,-98.5,9
31.78,-103.2,8
38.03,-109.7,1
37.50,-110.7,4
37.70,-113.1,3
39.33,-112.5,1
40.20,-112.9,7
41.05,-113.0,1
39.00,-110.1,1
38.37,-110.7,8
41.12,-111.9,8
41.78,-111.8,7
38.72,-113.0,1
38.77,-109.7,1
41.18,-112.0,6
39.62,-110.7,2
40.22,-111.7,6
40.50,-110.6,1
37.08,-113.6,8
40.78,-111.9,7
40.17,-112.2,2
40.45,-109.5,10
41.22,-114.0,1
44.47,-73.1,4
44.20,-72.5,6
45.55,-72.3,8
43.53,-73.9,4
44.42,-72.0,5
42.88,-72.8,9
38.13,-78.4,9
37.50,-76.2,10
36.57,-79.3,1
38.72,-77.1,8
37.13,-76.6,10
37.95,-79.8,4
37.08,-76.3,5
37.33,-79.2,9
37.13,-76.5,7
36.93,-76.2,2
36.90,-76.2,1
36.82,-76.0,10
38.50,-77.3,3
37.50,-77.3,5
37.32,-79.9,7
38.27,-78.8,6
36.95,-78.9,5
37.85,-75.4,4
48.80,-122.5,7
47.48,-122.7,9
48.50,-122.3,2
48.88,-118.4,4
47.32,-119.5,10
47.92,-122.2,9
47.62,-117.6,8
47.08,-122.5,9
46.57,-119.6,9
46.97,-123.9,2
47.15,-122.4,9
47.20,-119.3,8
48.25,-122.6,7
46.97,-122.9,9
48.42,-119.5,5
46.27,-119.1,7
48.12,-123.5,5
48.22,-123.6,6
46.75,-117.1,6
47.95,-124.5,1
47.50,-122.2,3
47.45,-122.3,6
47.53,-122.3,6
47.25,-123.1,3
47.63,-117.5,8
47.67,-117.3,2
47.28,-121.3,5
47.27,-122.5,7
46.48,-122.8,9
46.10,-118.2,2
47.40,-120.2,9
48.35,-122.6,5
46.57,-120.5,10
37.78,-81.1,10
37.30,-81.2,10
38.37,-81.6,5
39.28,-80.2,6
38.88,-79.8,9
38.37,-82.5,8
37.87,-80.4,3
39.40,-77.9,8
39.65,-79.9,2
39.35,-81.4,4
40.18,-80.6,8
37.46,-80.2,4
44.25,-88.5,4
44.87,-91.4,4
44.48,-88.1,8
42.62,-89.0,5
43.87,-91.2,2
43.20,-90.1,1
43.13,-89.3,7
44.13,-87.6,6
42.95,-87.9,3
43.12,-88.0,6
44.78,-89.6,5
44.22,-88.5,5
44.00,-88.5,10
45.63,-89.4,1
45.48,-91.7,5
43.93,-90.2,9
44.92,-89.6,9
42.57,-110.1,5
42.92,-106.4,1
41.15,-104.8,1
44.52,-109.0,5
42.75,-105.3,1
41.33,-111.0,7
44.35,-105.5,1
43.60,-110.7,9
42.82,-108.7,3
41.32,-105.6,4
44.35,-104.8,9
41.80,-107.2,9
43.05,-108.4,5
41.60,-109.0,4
44.77,-106.9,2
43.97,-107.9,2
44.55,-110.4,1
48.3270391306,-92.8784179688,11
48.0927571603,-91.9995117188,11
47.9310663475,-91.2084960938,11
47.9016135414,-90.2197265625,11
48.4437783106,-94.04296875,11
48.3562490295,-93.4936523438,11
48.1074311885,-92.373046875,11
47.9457864637,-93.8452148438,11
47.7393233614,-93.3837890625,11
47.4132203302,-91.6918945313,11
47.8352834228,-90.6811523438,11
47.6505875712,-91.3293457031,11
47.9016135414,-92.8784179688,11
48.1953874083,-93.2189941406,11
47.7097615427,-93.8122558594,11
48.0927571603,-94.3176269531,11
47.6209754152,-92.0324707031,11
47.323930571,-92.373046875,11
48.1807385073,-93.955078125,11
48.0340191586,-93.515625,11
47.6209754152,-94.2846679688,11
47.2792290026,-93.9770507813,11
47.100044694,-91.9116210938,11
46.6645174175,-92.3950195313,11
46.4681329922,-91.9555664063,11
47.3388226948,-93.4936523438,11
46.5437496027,-91.2744140625,11
46.2254528823,-91.6040039063,11
45.9052998572,-90.4614257813,11
48.4729212725,-94.5703125,11
47.4280872617,-93.0981445313,11
47.9163420402,-91.5600585938,11
46.4075639663,-89.4506835938,11
46.4983922586,-90,11
46.1646144969,-90.8129882813,11
45.4138764608,-89.8901367188,11
47.4578085308,-92.724609375,11
45.7368595474,-88.76953125,11
46.437856895,-88.8354492188,11
46.2254528823,-87.7807617188,11
48.5893258497,-95.1196289063,11
47.2046423888,-92.9663085938,11
46.5135155806,-88.154296875,11
46.1950421087,-86.8359375,11
46.362093012,-85.5615234375,11
46.240651955,-85.0122070313,11
45.7981695302,-87.4072265625,11
45.9969616182,-88.2861328125,11
46.8301336404,-88.8354492188,11
47.6801829465,-92.7465820313,11
46.103708756,-88.6596679688,11
45.9664245413,-89.2529296875,11
47.0551540855,-88.5827636719,11
47.3015845113,-88.2092285156,11
46.4302852408,-87.6818847656,11
45.6985065874,-87.7697753906,11
46.4908290198,-85.9680175781,11
46.2862239181,-84.638671875,11
46.5815184657,-85.1879882813,11
45.8287992519,-89.9780273438,11
45.4755402716,-90.8898925781,11
47.6209754152,-91.6809082031,11
47.0925655522,-93.9440917969,11
46.7850160427,-93.1970214844,11
47.0027339067,-94.5593261719,11
47.0476686405,-95.1525878906,11
46.1113256573,-94.4714355469,11
45.6140374114,-89.2529296875,11
46.7699684336,-87.9345703125,11
46.0884717958,-86.0229492188,11
46.362093012,-87.2094726563,11
46.3165841818,-92.373046875,11
46.9052455464,-92.7685546875,11
48.8213325496,-95.8447265625,11
48.8936153615,-96.3940429688,11
48.4146186175,-95.44921875,11
46.3317580005,-86.30859375,11
46.6041671629,-92.8564453125,11
47.7393233614,-94.8999023438,11
48.1221010282,-95.5810546875,11
45.5063469011,-88.2641601563,11
45.1510532656,-89.4067382813,11
46.0884717958,-84.287109375,11
46.7248003747,-89.3408203125,11
46.4681329922,-90.703125,11
48.5457054918,-95.8666992188,11
47.7688684042,-95.3173828125,11
47.502358952,-95.625,11
47.0252060016,-93.4057617188,11
46.2102496002,-90.2197265625,11
46.240651955,-88.330078125,11
45.9969616182,-87.1655273438,11
47.5172006978,-93.8891601563,11
46.8000594468,-93.69140625,11
45.4909456926,-90.3735351563,11
46.1493943765,-89.6044921875,11
47.1149998262,-92.5708007813,11
45.4138764608,-88.7475585938,11
44.8870124798,-89.208984375,11
45.0269504532,-90.0219726563,11
45.0580014354,-88.7475585938,11
47.3537106195,-94.6142578125,11
47.9016135414,-94.5263671875,11
45.383019279,-89.1430664063,11
44.6530241598,-89.6923828125,11
44.5278427985,-89.0771484375,11
45.9052998572,-90.9008789063,11
46.0732306254,-91.2963867188,11
48.2831928955,-95.0756835938,11
48.0193241848,-90.87890625,11
46.0732306254,-86.4404296875,11
46.6343507029,-88.505859375,11
45.6601273027,-89.6484375,11
44.5748174047,-90.3295898438,11
45.0114186423,-90.3735351563,11
47.8279081692,-95.6909179688,11
46.8601910157,-94.1088867188,11
46.2710374728,-89.0991210938,11
46.6494361634,-89.6704101563,11
47.3388226948,-92.021484375,11
47.9457864637,-93.2080078125,11
45.7521933606,-88.2421875,11
45.4447167916,-89.560546875,11
46.437856895,-90.3295898438,11
47.5172006978,-93.4716796875,11
48.7779127555,-95.4052734375,11
48.7923901965,-94.8779296875,11
48.1514281432,-92.7685546875,11
46.8451644303,-94.8559570313,11
47.8426576282,-92.3291015625,11
47.8721439689,-94.21875,11
45.9664245413,-87.7587890625,11
46.3469276106,-91.1645507813,11
46.7699684336,-91.0327148438,11
45.9205873447,-89.6704101563,11
45.5063469011,-87.5830078125,11
45.782848352,-91.2084960938,11
45.6601273027,-90.3076171875,11
45.274886437,-90.2856445313,11
47.1897124645,-93.2958984375,11
48.0633965378,-95.2294921875,11
48.5166043489,-93.2080078125,11
44.8714427502,-90.7250976563,11
44.7935309047,-90.0439453125,11
44.3081266849,-90.52734375,11
44.4023918291,-89.7583007813,11
45.213003556,-90.6811523438,11
45.9816951851,-88.9892578125,11
46.4075639663,-93.1640625,11
48.7344553718,-96.1083984375,11
46.5739667965,-91.6259765625,11
47.6505875712,-90.966796875,11
47.4652362244,-91.40625,11
47.6209754152,-93.0651855469,11
48.261255652,-92.5378417969,11
47.8057761194,-91.0217285156,11
47.7540979797,-93.9990234375,11
48.5238812026,-94.3176269531,11
48.6401687181,-94.74609375,11
47.6283800274,-94.5373535156,11
48.0193241848,-94.0979003906,11
47.1747783393,-92.1862792969,11
47.0102256557,-93.0432128906,11
47.9825684192,-90.5053710938,11
48.2393089902,-92.1643066406,11
48.2978124924,-95.8117675781,11
47.5765257137,-95.2734375,11
46.5135155806,-93.6474609375,11
46.0884717958,-93.3508300781,11
45.9435106803,-93.6694335938,11
46.4151387765,-93.9001464844,11
46.7398605997,-93.9221191406,11
46.4605655458,-92.6147460938,11
46.6041671629,-93.2189941406,11
45.1588007384,-89.0771484375,11
46.4529970475,-94.2846679688,11
46.6795944656,-94.4604492188,11
46.5664140757,-93.9001464844,11
46.2254528823,-93.1311035156,11
46.7850160427,-92.9443359375,11
47.7688684042,-90.4284667969,11
48.2978124924,-94.8010253906,11
48.4219101094,-93.7243652344,11
47.6061630439,-92.4279785156,11
46.4227125347,-91.6369628906,11
46.4075639663,-88.4289550781,11
45.9435106803,-88.6267089844,11
45.2207426026,-89.7583007813,11
45.2439534226,-88.4289550781,11
45.4832435087,-87.9125976563,11
46.2330529448,-90.5163574219,11
45.2439534226,-90.0329589844,11
47.0027339067,-92.3071289063,11
45.9358706212,-86.7700195313,11
46.0960908021,-84.8254394531,11
46.5513054788,-85.7263183594,11
46.3696741346,-85.1879882813,11
46.2178517674,-85.3967285156,11
46.6041671629,-87.6599121094,11
46.5966186488,-88.857421875,11